-- Wype³nienie tabeli Wlasciciel
INSERT INTO Wlasciciel (Imie, Nazwisko, Nr_Telefonu, Adres_email, PESEL, Miejscowosc, Ulica, Numer_domu, Kod_pocztowy)
VALUES
('Jan', 'Kowalski', '534864167', 'jan.kowalski@gmail.com', '89010112345', 'Warszawa', 'Marsza³kowska', '12', '00-001'),
('Anna', 'Nowak', '601972567', 'anna.nowak@wp.pl', '78020298765', 'Kraków', 'D³uga', '34', '30-001'),
('Marek', 'Lis', '789423156', 'marek.lis@o2.pl', '92030387654', 'Gdañsk', 'Nadwiœlañska', '56/2', '80-001'),
('Alicja', 'Wiœniewska', '812349758', 'alicja.wisniewska@interia.pl', '85121265432', 'Poznañ', 'Lecha', '78', '60-001'),
('Alek', 'Kaczmarek', '795164567', 'alek.kaczmarek@gmail.com', '95050578901', 'Wroc³aw', 'S³owiañska', '90', '50-001'),
('Zofia', 'Nowicka', '512345678', 'zofia.nowicka@wp.pl', '80060687654', '£ódŸ', 'Piotrkowska', '14', '90-001'),
('Krzysztof', 'Szymañski', '701234567', 'krzysztof.szymanski@gmail.com', '92070798765', 'Katowice', 'Wita Stwosza', '45', '40-001'),
('Iwona', 'D¹browska', '812345678', 'iwona.dabrowska@o2.pl', '90080865432', 'Gdynia', 'Koœciuszki', '67/3', '81-001'),
('Marcin', 'Jaworski', '601234567', 'marcin.jaworski@interia.pl', '91090978901', 'Szczecin', 'Jana Paw³a II', '78', '70-001'),
('Natalia', 'Mazurek', '879542167', 'natalia.mazurek@gmail.com', '89110112345', 'Bydgoszcz', 'Œniadeckich', '23', '85-001'),
('Ewa', 'Malinowska', '657890123', 'ewa.malinowska@gmail.com', '92030378901', 'Gdañsk', 'Brzozowa', '7', '80-001'),
('Tomasz', 'Kwiatkowski', '975432156', 'tomasz.kwiatkowski@wp.pl', '88020245678', 'Poznañ', 'Klonowa', '12', '60-002'),
('Agnieszka', 'Zieliñska', '789012345', 'agnieszka.zielinska@o2.pl', '90010123456', 'Wroc³aw', 'S³owiañska', '5', '50-003'),
('Kamil', 'Nowakowski', '608765432', 'kamil.nowakowski@interia.pl', '81070734567', 'Kraków', 'Cicha', '2', '30-004'),
('Anna', 'Lis', '700101010', 'anna.lis@onet.pl', '95050567890', 'Warszawa', '¯eromskiego', '15', '00-005'),
('Bartosz', 'Krawczyk', '555333555', 'bartosz.krawczyk@gmail.com', '93030311111', 'Gdynia', '3 Maja', '33', '81-006'),
('Karolina', 'Jaworska', '666444777', 'karolina.jaworska@wp.pl', '88080898765', '£ódŸ', 'Piotrkowska', '44', '90-007'),
('Micha³', 'Szymañski', '777222333', 'michal.szymanski@o2.pl', '90121254321', 'Katowice', 'Armii Krajowej', '23', '40-008'),
('Natalia', 'Czarnecka', '888111444', 'natalia.czarnecka@interia.pl', '99090976543', 'Szczecin', 'Wyszyñskiego', '9', '70-009'),
('Piotr', 'Kaczmarek', '999000111', 'piotr.kaczmarek@onet.pl', '88010123232', 'Bydgoszcz', 'Wspólna', '21', '85-010');


-- Wype³nienie tabeli Zwierze
-- Wype³nienie tabeli Zwierze
INSERT INTO Zwierze (ID, Imie, Data_urodzenia, Gatunek, Rasa, Plec, PESEL_wlasciciela)
VALUES
('738209487123456', 'Burek', '2018-03-15', 'Pies', 'Labrador', 'M', '89010112345'),
('560913824567890', 'Mruczek', '2020-05-20', 'Œwinka morska', 'Teddy', '¯', '78020298765'),
('214567890123456', 'Rex', '2019-07-10', 'Pies', 'Owczarek niemiecki', 'M', '92030387654'),
('981235674567890', 'Puszek', '2022-01-05', 'Kot', 'Pers', '¯', '85121265432'),
('653478912345678', 'Luna', '2021-08-12', 'Kot', 'Syjamski', '¯', '95050578901'),
('345678901234567', 'Azor', '2020-02-28', 'Œwinka morska', 'Abisyñska', 'M', '80060687654'),
('876543210987654', 'Œnie¿ka', '2017-11-10', 'Kot', 'Brytyjski', '¯', '92070798765'),
('432109876543210', 'Max', '2019-04-03', 'Jaszczurka', 'Agama', 'M', '90080865432'),
('789012345678901', 'Bella', '2021-01-15', '¯ó³w', 'B³otny', '¯', '91090978901'),
('234567890123456', 'Rocky', '2019-06-22', 'Pies', 'Siberian Husky', 'M', '89010112345'),
('567890123456789', 'Œwierszcz', '2020-09-08', 'Kot', 'Rosyjski Niebieski', '¯', '89110112345'),
('109876543210987', 'Bonzo', '2021-03-12', 'Pies', 'Chihuahua', 'M', '92030387654'),
('890123456789012', 'Daisy', '2018-12-01', 'W¹¿', 'Zaskroniec', '¯', '85121265432'),
('345612789098765', 'Tofik', '2020-04-18', 'Chomik', 'Roborowski', 'M', '95050578901'),
('876590123456789', 'Mila', '2019-10-05', 'Pies', 'Yorkshire Terrier', '¯', '80060687654'),
('543210987654321', 'Kajtek', '2018-12-10', 'Pies', 'Buldog', 'M', '88010123232'),
('456789012345678', 'Filemon', '2019-08-05', 'Papugi', 'Ara', '¯', '92030378901'),
('234567890198765', 'Luna', '2020-05-20', 'Jaszczurka', 'Legwan', '¯', '81070734567'),
('901234567890123', 'Cezar', '2019-04-15', 'Kot', 'Brytyjski', 'M', '95050567890'),
('678901234567890', 'Bella', '2018-10-22', 'W¹¿', 'Pyton', '¯', '88020245678'),
('123456789012345', 'Mia', '2021-02-18', 'Kot', 'Ragdoll', '¯', '90010123456'),
('890123456789210', 'Max', '2020-07-30', 'Papugi', 'Kakadu', 'M', '93030311111'),
('456789012345601', 'Simba', '2019-06-12', 'Kot', 'Maine Coon', 'M', '88080898765'),
('765432109876543', 'Rex', '2022-01-05', 'Chomik', 'D¿ungarski', 'M', '90121254321'),
('543210987654789', 'Milo', '2021-11-08', 'W¹¿', 'Kobra', 'M', '99090976543');


-- Wype³nienie tabeli Weterynarz
INSERT INTO Weterynarz (PESEL, Imie, Nazwisko, Adres_email, Nr_Telefonu, Specjalizacja)
VALUES
('95010198765', 'Anna', 'Kowalczyk', 'anna.kowalczyk@gmail.com', '601234567', 'Chirurg weterynaryjny'),
('00020287654', 'Micha³', 'Nowicki', 'michal.nowicki@o2.pl', '701234567', 'Dermatolog weterynaryjny'),
('87030376543', 'Magdalena', 'Lisowska', 'magdalena.lisowska@interia.pl', '812345678', 'Ortopeda weterynaryjny'),
('90040465432', 'Adam', 'Kowal', 'adam.kowal@gmail.com', '601234567', 'Internista weterynaryjny'),
('91050554321', 'Ewa', 'Nowakowska', 'ewa.nowakowska@wp.pl', '701234567', 'Neurolog weterynaryjny'),
('95050522222', 'Barbara', 'Weterynarz', 'barbara.wet@o2.pl', '600222333', 'Okulista'),
('94040433333', 'Krzysztof', 'Weterynarz', 'krzysztof.wet@gmail.com', '611333444', 'Neurolog'),
('85030344444', 'Agnieszka', 'Weterynarz', 'agnieszka.wet@interia.pl', '722444555', 'Ortopeda'),
('75020255555', 'Marcin', 'Weterynarz', 'marcin.wet@wp.pl', '833555666', 'Onkolog'),
('90010166666', 'Zofia', 'Weterynarz', 'zofia.wet@onet.pl', '944666777', 'Kardiolog'),--nie mia³a wizyty
('87070777777', 'Kamil', 'Weterynarz', 'kamil.wet@gmail.com', '755777888', 'Internista'),
('78080888888', 'Anna', 'Weterynarz', 'anna.wet@o2.pl', '866888999', 'Chirurg'),
('80070799999', 'Bart³omiej', 'Weterynarz', 'bartlomiej.wet@wp.pl', '977999000', 'Dermatolog'),
('89060600000', 'Natalia', 'Weterynarz', 'natalia.wet@interia.pl', '588000111', 'Endokrynolog'),
('86050511111', 'Pawe³', 'Weterynarz', 'pawel.wet@onet.pl', '699111222', 'Radiolog');

-- Wype³nienie tabeli Wizyta
INSERT INTO Wizyta (ID_wizyty, Data_wizyty, Godzina, Zalecenia, ID_zwierzecia, PESEL_weterynarza) VALUES
('123456015312345', '2021-01-10', '08:30', 'Przepisano antybiotyk w celu zwalczania infekcji oraz poprawy ogólnej kondycji zdrowotnej.', '738209487123456', '95010198765'),
('987567890123456', '2021-02-15', '09:45', 'Zalecone szczegó³owe badania krwi w celu dok³adnej analizy parametrów zdrowotnych.', '560913824567890', '00020287654'),
('345678901234977', '2021-03-20', '11:00', 'Przepisano leki przeciwbólowe w celu z³agodzenia bólu oraz poprawy komfortu ¿ycia zwierzêcia.', '214567890123456', '87030376543'),
('498789012345678', '2021-04-25', '13:15', 'Zalecone szczepienie w celu ochrony przed okreœlonymi chorobami zakaŸnymi.', '981235674567890', '90040465432'),
('987890123456789', '2021-05-30', '14:30', 'Wizyta kontrolna w celu oceny ogólnego stanu zdrowia i ewentualnych zmian.', '653478912345678', '91050554321'),
('610901234567890', '2021-06-05', '16:45', 'Przepisano krople do uszu w celu leczenia ewentualnych infekcji lub problemów ze s³uchem.', '345678901234567', '95050522222'),
('789518735678901', '2021-07-10', '18:00', 'Zalecana dieta dostosowana do potrzeb zdrowotnych zwierzaka.', '876543210987654', '94040433333'),
('899523456789012', '2021-08-15', '08:30', 'Zalecone szczegó³owe badania moczu w celu wykrycia ewentualnych problemów zdrowotnych.', '432109876543210', '85030344444'),
('982314567890123', '2021-09-20', '09:45', 'Przepisano leki przeciwpaso¿ytnicze w celu eliminacji paso¿ytów i poprawy zdrowia.', '789012345678901', '75020255555'),
('102345678901234', '2021-10-25', '11:00', 'Zalecone szczegó³owe badania obrazowe w celu dok³adnej diagnostyki.', '234567890123456', '78080888888'),
('994678901234567', '2021-11-30', '13:15', 'Przepisano leki przeciwkaszlowe w celu z³agodzenia kaszlu i poprawy komfortu zwierzêcia.', '567890123456789', '87070777777'),
('722789012345678', '2022-01-05', '14:30', 'Zalecone szczegó³owe badania krwi w celu monitorowania parametrów zdrowotnych.', '109876543210987', '78080888888'), --brak badañ
('559890123456789', '2022-02-10', '16:45', 'Przepisano antybiotyk w celu zwalczania infekcji bakteryjnych.', '890123456789012', '80070799999'),
('676401234567890', '2022-03-15', '18:00', 'Zalecana kuracja witaminowa w celu wzmocnienia uk³adu odpornoœciowego.', '345612789098765', '89060600000'),
('789012345678994', '2022-04-20', '08:30', 'Przepisano leki przeciwbólowe w celu z³agodzenia bólu i poprawy samopoczucia.', '876590123456789', '86050511111'),
('890123454489012', '2022-05-25', '09:45', 'Zalecone szczepienie w celu ochrony przed konkretnymi chorobami zakaŸnymi.', '543210987654321', '95010198765'),
('901246567890123', '2022-06-30', '11:00', 'Wizyta kontrolna w celu oceny ewentualnych zmian w stanie zdrowia.', '456789012345678', '00020287654'), --brak chorób
('124566789012345', '2022-08-05', '13:15', 'Przepisano krople do oczu w celu leczenia problemów zwi¹zanych z narz¹dem wzroku.', '234567890198765', '87030376543'),
('234567890123664', '2022-09-10', '14:30', 'Zalecone szczegó³owe badania krwi w celu dok³adnej analizy parametrów zdrowotnych.', '901234567890123', '90040465432'),
('594378901234567', '2022-10-15', '16:45', 'Zalecone szczegó³owe badania obrazowe w celu lepszego zrozumienia ewentualnych problemów zdrowotnych.', '678901234567890', '91050554321'),
('456789055345678', '2022-11-20', '18:00', 'Przepisano leki przeciwkaszlowe w celu z³agodzenia kaszlu.', '123456789012345', '95050522222'),
('548890123456789', '2023-01-25', '08:30', 'Zalecone szczepienie w celu ochrony przed konkretnymi chorobami zakaŸnymi.', '890123456789210', '94040433333'),
('920901234567890', '2023-02-28', '09:45', 'Wizyta kontrolna w celu oceny ogólnego stanu zdrowia zwierzaka.', '456789012345601', '85030344444'),
('972012345678901', '2023-04-05', '11:00', 'Przepisano leki przeciwbólowe w celu z³agodzenia bólu i poprawy samopoczucia.', '765432109876543', '75020255555'),
('890123498312012', '2023-05-10', '13:15', 'Zalecone szczegó³owe badania moczu w celu oceny funkcji nerek i uk³adu moczowego.', '543210987654789', '95010198765'),
('901234567855423', '2023-06-15', '14:30', 'Przepisano krople do uszu w celu leczenia problemów zwi¹zanych z uchem.', '789012345678901', '78080888888'),
('123450987654321', '2023-07-20', '16:45', 'Zalecone szczegó³owe badania krwi w celu dok³adnej analizy parametrów zdrowotnych.', '653478912345678', '91050554321'),
('987654321098765', '2023-08-25', '18:00', 'Zalecone szczepienie w celu ochrony przed konkretnymi chorobami zakaŸnymi.', '543210987654789', '78080888888'),
('876549710987654', '2023-09-30', '08:30', 'Wizyta kontrolna w celu monitorowania zdrowia zwierzaka i ewentualnych zmian.', '738209487123456', '95010198765'),
('754432109876543', '2023-11-05', '09:45', 'Przepisano leki przeciwkaszlowe w celu z³agodzenia kaszlu i poprawy samopoczucia.', '123456789012345', '87030376543'),
('654321098765432', '2023-12-10', '11:00', 'Zalecone szczegó³owe badania obrazowe w celu dok³adnej diagnostyki.', '901234567890123', '87070777777'),
('543210987654322', '2024-01-15', '13:15', 'Przepisano krople do oczu w celu leczenia ewentualnych problemów z narz¹dem wzroku.', '234567890123456', '80070799999'),
('987409876543210', '2024-02-20', '14:30', 'Zalecone szczegó³owe badania krwi w celu monitorowania zdrowia zwierzaka.', '738209487123456', '75020255555'),
('321098765432109', '2024-03-25', '16:45', 'Zalecone szczepienie w celu ochrony przed konkretnymi chorobami zakaŸnymi.', '653478912345678', '95050522222');


INSERT INTO Rodzaje_badan (Nazwa_Badania) VALUES
('Badanie krwi'),
('Badanie moczu'),
('Badanie ka³u'),
('Badanie DNA'),
('USG'),
('Rentgen'),
('EKG'),
('Tomografia komputerowa'),
('USG'),
('Morfologia'),
('Holter EKG');

INSERT INTO Choroby (Nazwa_Choroby) VALUES
('Grypa'),
('Zapalenie zatok'),
('Z³amanie koœci'),
('Alergia'),
('Choroba nerek'),
('Zapalenie oka'),
('Padaczka'),
('Dysplazja stawów'),
('Nowotwór'),
('Choroba serca'),
('Zapalenie ucha'),
('Zaka¿enie paso¿ytnicze');

INSERT INTO Leki (ID_leku, Nazwa_Leku, Dawka, Jednostka_Dawki) VALUES
('8392751', 'Paracetamol', '500', 'mg'),
('62481793', 'Ibuprofen', '200', 'mg'),
('1057382', 'Antybiotyk', '1', 'tabl.'),
('49268105', 'Krople do nosa', '1', 'kropla'),
('7654322', 'Syrop na kaszel', '10', 'ml'),
('89012345', 'Witamina C', '1000', 'mg'),
('123456789', 'Przeciwhistaminowy', '10', 'mg'),
('56789012', 'Probiotyk', '1', 'kapsu³ka'),
('876543210', 'Magnez', '300', 'mg'),
('98765432', 'Witamina D3', '800', 'j.m.');

INSERT INTO Szczepienia (ID_szczepienia, Nazwa_Szczepienia, Data_szczepienia, ID_zwierzecia) VALUES
('1894567', 'Wœcieklizna', '2021-05-10', '738209487123456'),
('9876984', 'Grypa kotów', '2021-06-15', '560913824567890'),
('8767890', 'Parwowiroza', '2021-07-20', '214567890123456'),
('7654321', 'Ospa prawdziwa', '2021-08-25', '981235674567890'),
('6972341', 'Kocia chlamydioza', '2021-09-30', '653478912345678'),
('8762432', 'Wirus panleukopenii', '2021-10-05', '345678901234567'),
('5432199', 'Leptospiroza', '2021-11-10', '876543210987654'),
('8901274', 'Nosówka', '2021-12-15', '981235674567890'),
('3456789', 'Nosówka', '2022-01-20', '789012345678901'),
('6789012', 'Tê¿ec', '2022-02-25', '214567890123456'),
('2109876', 'Riketsjoza', '2022-03-30', '567890123456789'),
('1098765', 'Parainfluenza', '2022-04-05', '109876543210987'),
('8165432', 'Babeszjoza', '2022-05-10', '890123456789012'),
('5432109', 'Choroba Rubartha', '2022-06-15', '109876543210987'),
('9876579', 'Nosówka', '2022-07-20', '876590123456789'),
('3210987', 'Piroplazmoza', '2022-08-25', '543210987654321'),
('6543219', 'Cytomegalia kotów', '2022-09-30', '456789012345678'),
('8471234', 'Histoplazmoza', '2022-10-05', '234567890198765'),
('2349578', 'Alergia na kleszcze', '2022-11-10', '901234567890123'),
('7653321', 'Nosówka', '2022-12-15', '678901234567890'),
('4567890', 'Kocia leukoza', '2023-01-20', '123456789012345'),
('1234567', 'Astma u kotów', '2023-02-25', '890123456789210'),
('8901234', 'Lisza choroba', '2023-03-30', '456789012345601'),
('5678901', 'Dur plamisty', '2023-04-05', '876590123456789'),
('2345678', 'Nosówka', '2023-05-10', '543210987654789'),
('8765432', 'Grypa psów', '2023-06-15', '543210987654789'), 
('3686789', 'Nosówka', '2023-07-20', '567890123456789'),
('9876543', 'Nosówka', '2023-08-25', '109876543210987'),
('6543210', 'Promienica', '2023-09-30', '543210987654789'),
('2846876', 'Choroba ucha kotów', '2023-10-05', '876543210987654');

INSERT INTO Historie_Chorob (ID_zdarzenia, Opis_Diagnozy, ID_choroby, ID_wizyty) VALUES
('987654321012345', 'Zdiagnozowano grypê. Przepisano leki i zalecono odpoczynek.', 1, '123456015312345'),
('876543210123456', 'Podejrzenie zapalenia zatok. Zalecone badania krwi i konsultacja z lekarzem.', 2, '987567890123456'),
('765432109234567', 'Potwierdzone z³amanie koœci. Skierowano na ortopediê.', 3, '345678901234977'),
('654321098345678', 'Zalecone szczepienie przeciwko chorobom zakaŸnym.', 12, '498789012345678'),
('432109876567890', 'Przepisano krople do uszu w zwi¹zku z infekcj¹.', 11, '610901234567890'),
('321098765678901', 'Zalecana dieta w zwi¹zku z problemami trawiennymi.', 5, '789518735678901'),
('210987654789012', 'Zalecone badania moczu w celu oceny funkcji nerek.', 5, '899523456789012'),
('109876543890123', 'Przepisano leki przeciwpaso¿ytnicze.', 12, '982314567890123'),
('987012345678901', 'Zalecone badania obrazowe w celu diagnostyki.', 8, '102345678901234'),
('876123456789012', 'Przepisano leki przeciwkaszlowe w zwi¹zku z kaszlem.', 1, '994678901234567'),
('765234567890123', 'Zalecone badania krwi w celu oceny stanu zdrowia.', 1, '559890123456789'),
('654345678901234', 'Zdiagnozowano grypê. Przepisano leki i zalecono odpoczynek.', 1, '559890123456789'),
('432567890123456', 'Przepisano leki przeciwbólowe w zwi¹zku z bólem.', 3, '789012345678994'),
('321678901234567', 'Zalecone szczepienie przeciwko chorobom zakaŸnym.', 12, '890123454489012'),
('109890123456789', 'Przepisano krople do oczu w zwi¹zku z podra¿nieniem oczu.', 6, '124566789012345'),
('876891210987654', 'Zalecone badania krwi w celu oceny stanu zdrowia.', 10, '234567890123664'),
('841054321098765', 'Zalecone badania obrazowe w celu diagnostyki.', 9, '594378901234567'),
('876543210987123', 'Przepisano leki przeciwkaszlowe w zwi¹zku z kaszlem.', 1, '456789055345678'),
('765432109876234', 'Zalecone szczepienie przeciwko chorobom zakaŸnym.', 12, '548890123456789'),
('543210987654456', 'Przepisano leki przeciwbólowe w zwi¹zku z bólem.', 3, '972012345678901'),
('432109876543567', 'Zalecone badania moczu w celu oceny funkcji nerek.', 5, '890123498312012'),
('321098765432678', 'Przepisano krople do uszu w zwi¹zku z infekcj¹.', 11, '901234567855423'),
('210987654321789', 'Zalecone badania krwi w celu oceny stanu zdrowia.', 1, '123450987654321'),
('109876543210890', 'Zdiagnozowano alergiê. Zalecone leki przeciwhistaminowe.', 4, '987654321098765'),
('877543210987654', 'Zdiagnozowano padaczkê. Zalecono skonsultowanie siê z neurologiem.', 7, '754432109876543'),
('765432109920143', 'Zalecone badania obrazowe w celu diagnostyki.', 8, '654321098765432'),
('654321098930132', 'Przepisano krople do oczu w zwi¹zku z podra¿nieniem oczu.', 6, '543210987654322'),
('543210989710121', 'Zalecone badania krwi w celu oceny stanu zdrowia.', 1, '987409876543210'),
('432109876549630', 'Zdiagnozowano nowotwór. Zalecone leczenie onkologiczne.', 9, '321098765432109');

INSERT INTO Przypisane_leki (ID_przypisanego_leku, Sposob_Uzycia, Ilosc, ID_wizyty, ID_leku) VALUES
('102938475610293', 'Przyjmowaæ po posi³ku, pó³ godziny przed jedzeniem', '2 razy dziennie', '123456015312345', '8392751'),
('497890123456789', 'Przyjmowaæ przed posi³kiem, najlepiej z du¿¹ iloœci¹ wody', '1 raz dziennie', '987567890123456', '62481793'),
('987654321066345', 'Stosowaæ miejscowo, nak³adaæ na dotkniête miejsce delikatnymi ruchami', 'Wed³ug potrzeb', '345678901234977', '1057382'),
('314159265358979', 'Wstrzykiwaæ domiêœniowo, stosowaæ jedynie pod nadzorem lekarza', '1 raz dziennie', '498789012345678', '7654322'),
('888888888888888', 'Stosowaæ do nosa, unikaæ kontaktu z oczami', '1 kropla co 5 godzin', '610901234567890', '49268105'),
('123451234512345', 'Stosowaæ doustnie, popijaæ szklank¹ wody', '1 kapsu³ka dziennie', '789518735678901', '89012345'),
('777777777777777', 'Stosowaæ przed snem, nie ³¹czyæ z innymi lekami nasennymi', '1 raz dziennie', '899523456789012', '123456789'),
('555555555555555', 'Stosowaæ doustnie, nie przekraczaæ zalecanej dawki', '1 raz dziennie', '982314567890123', '56789012'),
('999999999999999', 'Stosowaæ doustnie, rano i wieczorem', '2 razy dziennie', '102345678901234', '876543210'),
('246801357924680', 'Stosowaæ doustnie, przed posi³kiem', '1 raz dziennie', '994678901234567', '98765432'),
('135791357913579', 'Przyjmowaæ po posi³ku, nie spo¿ywaæ z napojami gazowanymi', '2 razy dziennie', '559890123456789', '123456789'),
('101010101010101', 'Stosowaæ doustnie, po posi³ku', '1 raz dziennie', '559890123456789', '8392751'),
('888877776666555', 'Wstrzykiwaæ domiêœniowo, stosowaæ jedynie w warunkach sterylnych', '1 raz dziennie', '789012345678994', '876543210'),
('987123654789321', 'Stosowaæ do nosa, unikaæ wdychania', '2 krople co 5 godzin', '890123454489012', '1057382'),
('222222222222222', 'Stosowaæ doustnie, popijaæ du¿¹ iloœci¹ wody', '1 kapsu³ka dziennie', '901246567890123', '7654322'),
('232323232323232', 'Wstrzykiwaæ domiêœniowo, unikaæ miejsc podra¿nionych', '1 raz dziennie', '890123454489012', '876543210'),
('131313131313131', 'Stosowaæ do nosa, nak³adaæ delikatnie za pomoc¹ aplikatora', '1 kropla co 5 godzin', '982314567890123', '98765432'),
('454545454545454', 'Stosowaæ doustnie, nie podwajaæ dawki', '1 raz dziennie', '982314567890123', '876543210'),
('987654321234567', 'Stosowaæ przed snem, nie ³¹czyæ z alkoholem', '1 raz dziennie', '548890123456789', '98765432'),
('888543210987654', 'Stosowaæ doustnie, rano przed œniadaniem', '1 raz dziennie', '548890123456789', '56789012'),
('999111222333444', 'Stosowaæ doustnie, rano i wieczorem', '2 razy dziennie', '754432109876543', '876543210'),
('543210973101521', 'Przyjmowaæ po posi³ku, popijaæ sokiem pomarañczowym', '2 razy dziennie', '654321098765432', '98765432'),
('135792468024680', 'Stosowaæ doustnie, popijaæ du¿¹ iloœci¹ wody', '1 raz dziennie', '123456015312345', '123456789'),
('864209731357419', 'Wstrzykiwaæ domiêœniowo, unikaæ miejsc podra¿nionych', '1 raz dziennie', '594378901234567', '56789012'),
('975318642097531', 'Stosowaæ do nosa, nie przekraczaæ 3 razy dziennie', '2 krople co 5 godzin', '498789012345678', '876543210');

INSERT INTO Badania (ID_wykonanego_badania, WynikBadania, ID_badania, ID_wizyty) VALUES
('135792468024681', 'Wynik badañ krwi w normie. Brak odchyleñ od wartoœci referencyjnych.', 1, '123456015312345'),
('246801357913579', 'Wynik moczu bez patologii. Brak obecnoœci bakterii ani innych nieprawid³owoœci.', 2, '987567890123456'),
('357924680135792', 'Badanie ka³u nie wykaza³o obecnoœci paso¿ytów ani innych nieprawid³owoœci.', 3, '345678901234977'),
('468013579246801', 'Badanie DNA zidentyfikowa³o zwierzê. Brak odchyleñ genetycznych.', 4, '498789012345678'),
('579246801357924', 'USG jamy nosowej. Brak patologicznych zmian.', 5, '610901234567890'),
('680135792468013', 'Rentgen klatki piersiowej. Brak widocznych zmian strukturalnych.', 6, '789518735678901'),
('791357924680135', 'EKG w normie. Równomierne rytmiczne têtno.', 7, '899523456789012'),
('802468013579246', 'Tomografia komputerowa jamy brzusznej. Brak patologii w narz¹dach wewnêtrznych.', 8, '982314567890123'),
('913579246801357', 'USG jamy miednicy. Brak widocznych nieprawid³owoœci.', 9, '102345678901234'),
('531972468024681', 'Morfologia krwi. Wartoœci hemoglobiny i liczby krwinek w normie.', 10, '994678901234567'),
('642081357913579', 'Holter EKG przez 24 godziny. Nie stwierdzono arytmii ani nieprawid³owoœci.', 11, '559890123456789'),
('753194680135792', 'Badanie krwi w normie. Wartoœci biochemiczne na w³aœciwym poziomie.', 1, '559890123456789'),
('864013579246801', 'Badanie DNA. Zidentyfikowano genetyczne predyspozycje do pewnych schorzeñ.', 4, '789012345678994'),
('975246801357924', 'USG nosa i zatok. Brak widocznych zmian strukturalnych.', 5, '890123454489012'),
('086013579246801', 'Rentgen jamy ustnej. Brak patologii w strukturze zêbów.', 6, '901246567890123'),
('197135792468013', 'Morfologia krwi. Wartoœci hemoglobiny i liczby krwinek w normie.', 10, '890123454489012'),
('208246801357924', 'Tomografia komputerowa nosa i gard³a. Brak patologicznych zmian.', 8, '982314567890123'),
('319357924680135', 'Badanie ka³u nie wykaza³o obecnoœci paso¿ytów ani innych nieprawid³owoœci.', 3, '982314567890123'),
('420468013579246', 'EKG w normie. Równomierne rytmiczne têtno.', 7, '548890123456789'),
('531579246801357', 'Badanie krwi w normie. Wartoœci biochemiczne na w³aœciwym poziomie.', 1, '548890123456789'),
('642680135792468', 'USG jamy miednicy. Brak widocznych nieprawid³owoœci.', 9, '754432109876543'),
('753791357924680', 'Badanie moczu bez patologii. Brak obecnoœci bakterii ani innych nieprawid³owoœci.', 2, '654321098765432'),
('864802468013579', 'Morfologia krwi. Wartoœci hemoglobiny i liczby krwinek w normie.', 10, '123456015312345'),
('975913579246801', 'Rentgen klatki piersiowej. Brak widocznych zmian strukturalnych.', 6, '594378901234567'),
('086024680135792', 'USG nosa i zatok. Brak widocznych zmian strukturalnych.', 5, '498789012345678');
